gene_symbol,score
BRCA2,0.9174103117548033
BRCA1,0.9096543391027012
PIK3CA,0.8788488790081744
PALB2,0.8752950760324587
CHEK2,0.8690810224566764
TP53,0.8631019817593011
ESR1,0.852681366465554
ATM,0.8407400682564334
ERBB2,0.8315476953949605
RAD51C,0.8274287203791272
BRIP1,0.8272192630836387
AKT1,0.8251557812584152
CDH1,0.8231166432147977
PTEN,0.7885746531552419
RAD51D,0.7830740865219114
MAP3K1,0.7779950707583908
KRAS,0.7545726934427639
BARD1,0.7542801341454898
FGFR2,0.7525450347860986
TBX3,0.751830236860896
EGFR,0.7479516206353586
GATA3,0.7387897349120044
CDK6,0.7375316241770316
CDK4,0.7281442281280971
POLD1,0.7272861670800367
ERBB4,0.7212875123477258
FOXA1,0.7203408597150808
KMT2C,0.7175724424296741
NBN,0.7169260212391728
POLE,0.7152005053434207
PPM1D,0.7118974793070812
MAP2K4,0.7110649034705739
AR,0.7092395119438452
NCOR1,0.7051764126632558
NF1,0.697219030862525
CBFB,0.6964493129132506
FBXO11,0.6912990546231557
ARID1A,0.6853501731020871
RAD51B,0.6797658397072734
MSH6,0.6706620258915961
MLH1,0.6704787616170619
EBF1,0.6704041121017044
MSH2,0.6700978166511378
FOXP1,0.6654802486652077
PRIM1,0.664318459814097
TERT,0.6636618874837585
RAD51,0.6626867373679896
TOP1,0.660035991345986
NOTCH2,0.6591712963706542
CUX1,0.6569445698833211
RAD50,0.6568147578098776
SETBP1,0.6560305382175898
PIK3CB,0.6558536124588055
PMS2,0.6541407123158427
CASP8,0.6534638906975366
CDC73,0.6530186615308536
SF3B1,0.6515935103177201
FHIT,0.6506221138850358
RB1,0.6494461914214957
TET2,0.6487172165683731
C11orf65,0.6465540788640891
TOP2A,0.6445585097710614
FANCD2,0.6442353566016102
FANCC,0.6436680262155716
MLLT10,0.6431381523260207
TCF7L2,0.642176344150035
CD274,0.6404698617293478
MUTYH,0.6393252246675367
H3C2,0.639022823615901
CYP19A1,0.6359213171639801
DROSHA,0.634787736081504
MRTFA,0.6339536848560741
ESR2,0.6290105441271218
TUBB3,0.6278057297841815
CDKN1B,0.6271008513263607
TUBB2B,0.6268742382983435
TUBB,0.6262827983605458
TYMS,0.6254625553241496
NTRK3,0.6240559741848053
VEGFA,0.6184918085271375
TUBB2A,0.6176181601043881
KLF4,0.6147931752425728
PAX5,0.6125559764449467
SUZ12,0.6104072105136228
BLM,0.6102762749169194
ZFHX3,0.6087500925830251
TUBB1,0.6084459088025216
POLD3,0.6082324403121656
TUBB6,0.6072645333882289
TUBB4B,0.6072159265139166
TUBB4A,0.6069079433016794
CDKN2B,0.6065096473421598
TUBB8,0.6059512447833998
POLD2,0.6035431806510809
FKBP1A,0.5997372384552776
MDM2,0.5995494366951851
MN1,0.5990357223331022
RET,0.5981067815680813
ARID1B,0.5955621767090898
MDM4,0.5954778782331921
DHFR,0.5945735890903548
RRM1,0.5945641183603757
POLD4,0.592197979192347
LRP1B,0.590282547964019
MITF,0.590231341676165
TACSTD2,0.5891764763705553
GNRHR,0.5891264860200851
KDM6A,0.5879587432869093
FGFR4,0.5876193639339947
FAT4,0.5867077658218095
MYH9,0.5866819290005366
PIK3R1,0.5863374882174444
PRIM2,0.5860357484208333
MECOM,0.5859299813420723
POLE2,0.5859260550667414
POLE3,0.585388983675135
POLA1,0.5853485865437966
POLA2,0.5845625620556317
PLAG1,0.5805178839329025
TBL1XR1,0.5794808054054426
TGFBR2,0.5779903526618865
NTRK2,0.5770400276416902
KAT6B,0.5769884884825891
ATP2B3,0.5765377447332963
EXT1,0.5765191802609466
NRG1,0.5753332403909116
UBR5,0.5750539516358808
ERBB3,0.574804127602191
DNMT3A,0.5746235326826709
TOX3,0.5739421744640302
CACNA1D,0.5737752123601813
PTPRK,0.5729791250032721
ABL2,0.5718233531336145
GRIN2A,0.5716811780639489
AFF3,0.5716014458029496
CDKN2A,0.5713061354225833
GPC3,0.5707130578066246
LPP,0.5697888590940656
POLQ,0.5692888998200135
ARHGAP35,0.5675927018363606
JAK1,0.5672396377566862
PREX2,0.5670414491736702
TP63,0.5663587960008685
RSPO2,0.5662765055692746
PRC1,0.5658372122766734
ATRX,0.5651088516702221
AFDN,0.5635700964274262
SND1,0.5626777337762967
NCOR2,0.5618217325241721
HMGA2,0.5616213872857901
NCOA2,0.560478878709505
PRDM16,0.5603526362141968
ABI1,0.5602310708051639
MYB,0.559989507584958
EXO1,0.5594423692750056
CCDC170,0.5583138001516852
PTPRT,0.5582435408957668
MSI2,0.5581793067303762
RECQL4,0.5573521008905017
PTPN13,0.5569799069944824
QKI,0.556083072523077
WWTR1,0.5555696107515293
BMPR1A,0.5549499439976726
HIP1,0.5547440109991714
ZMIZ1,0.5532070946533528
MAX,0.5521048763197651
NFATC2,0.5519737800673329
CAMTA1,0.5496320676599199
MAML2,0.5481237787015433
EZH2,0.5478674123354014
RUNX1,0.5477821884759553
APC,0.547327588637279
STAG2,0.547247508195605
STK11,0.5471830667172121
CLTC,0.5469260405215202
ACVR1,0.546705276990985
DDR2,0.5465895909578576
PARP1,0.5465347244774036
KAT6A,0.5465238806051621
KDR,0.5463884275556881
FANCM,0.5457158207934482
HRAS,0.5453453529357667
ARHGEF5,0.5452325067100662
WIF1,0.5450185772327079
YAP1,0.5444850850727405
BCL2,0.5430706318313352
ELL,0.542863024277431
FOXO3,0.5427602315045937
MAPK1,0.541966459052572
EPAS1,0.5406408015076299
ARHGAP26,0.5404745458668033
RICTOR,0.5403899589080633
SDHC,0.5402492082640847
KIT,0.5401915040345106
ZNF521,0.5397971370824769
BCORL1,0.5397800725311619
RXRA,0.5389458425672711
PBX1,0.5388413710352515
FLI1,0.5386947091767856
MEN1,0.5386153505206018
BRAF,0.5385115399103557
TRRAP,0.5384848024361953
ARHGEF12,0.5384216666794552
MYD88,0.5379545694743683
RAP1GDS1,0.5379212911842394
SYK,0.5377763278243491
LATS2,0.5375159838096759
MTCP1,0.5373906361095545
ABCC1,0.5369323512350723
DDX10,0.5367028582660934
NSD2,0.5364914257760262
NDRG1,0.5362266860779202
IKBKB,0.5356928522255819
PDCD1LG2,0.5356788468962423
RUNX1T1,0.5352019886227452
CDH11,0.5346703968999532
BCL11A,0.5344747939362341
TRIM24,0.5342743896990232
MRE11,0.5341683563613064
SPEN,0.5341152430488941
HIF1A,0.5331859740248914
EPS15,0.5328516020501838
CDKN1A,0.5326357522585283
SOS1,0.5323404506211359
TOP2B,0.5323232351131985
NSD3,0.5319228309945863
IKZF3,0.5318054052924842
AKT2,0.5316054085534698
RMI2,0.5312945190676012
ZBTB16,0.5310239240112834
PTPRC,0.5307240886147233
ACVR1B,0.5306366744925954
MAP3K13,0.5297801417754326
BCL9,0.5297368837936566
MTOR,0.5297116433038352
USP8,0.5296831515112843
BUB1B,0.5295707818387864
PDGFRB,0.5292724368694706
CSF3R,0.5287128535725973
SDHB,0.5285575040382885
PTCH1,0.5284937590730123
CCND3,0.528461911451592
TRPS1,0.5283326546612863
CBLB,0.5281993352164315
FLT3,0.5279601314438335
SMAD3,0.5279481306120871
DEK,0.5275597357587493
RANBP2,0.5275021554845645
CREB1,0.5270642796001795
CTCF,0.5270371418931578
WRN,0.526656209783554
TRIM33,0.5266323040603025
BCOR,0.5264282107164976
L3MBTL3,0.5243946209324326
RRAS2,0.5242936511834055
FLT4,0.5242504641139226
NUP98,0.5238570628854884
CREB3L2,0.5229021787135917
PTPRB,0.5226796224889462
PARP2,0.5219044651489488
ETV6,0.5213228610787548
PDGFRA,0.5208660745398956
ETV5,0.5208035234709097
TFEB,0.5200101909249837
SIAH2,0.5192944745044956
LEF1,0.5191259246993525
GNAQ,0.5190082985199532
APOBEC3A,0.5188464964289339
CCND1,0.5187571192020414
EIF3E,0.5187254457318432
NEK10,0.5183158880285227
KNL1,0.5175410350906784
TNFSF11,0.5173118963901139
CBFA2T3,0.5168605413673742
BCL11B,0.5168400352113194
FTO,0.5165497848419075
AFF4,0.5156445289429425
NFIB,0.5142183251725639
CCNE1,0.5138704924518354
NOTCH1,0.5130746201079838
CREBBP,0.5127927226816249
FBXW7,0.5126667337147511
PHF6,0.5126611555098228
MYC,0.51239555453763
RHOH,0.5122722408042937
USP6,0.5114638792691418
LZTR1,0.5108228165486125
RAF1,0.5098903992804954
ZFPM2,0.50964461241131
CREB3L1,0.5090348593439169
DNM2,0.5089350140881188
ETNK1,0.5088087988300886
ADAM29,0.508550608768742
RSPO3,0.5083930860669339
ELF4,0.5082548082654861
CLTCL1,0.5081742507518091
CRTC1,0.5078925788657229
ZNRF3,0.5076961471222227
TNFSF10,0.5076715080229008
PAX9,0.5073763013793899
FCRL4,0.5069901265349692
RARA,0.5051736196259948
NT5C2,0.5051365372819419
POU5F1B,0.5045963245428547
NF2,0.5042348868263239
POT1,0.5042055486268853
ARNT,0.503948598761713
MET,0.5034803040893
FGFR1,0.5028868662603123
FCGR2B,0.5026901812285253
KMT2D,0.50168203774171
DCLRE1B,0.5012998433661165
H3-3B,0.5006937377640637
EXT2,0.499574304047484
AKT3,0.49858607178487774
PTPN11,0.4958339106771624
JAK2,0.4955369525374144
ERICH6,0.4948316891111628
LMO2,0.4942175805422674
PEX14,0.4939354599350401
CCDC88C,0.49382910747522907
SH3GL1,0.4931258781286649
ABRAXAS1,0.49121782333031866
GRHL2,0.49021616456188255
SLC34A2,0.49010650691960966
CARS1,0.4897145069683389
MCM8,0.48955552706113914
TNS1,0.4873455619309164
PRLR,0.4871893881959111
HNF1A,0.486338645813587
LSP1,0.4862518853137192
CD79B,0.4857851904185735
ZNF331,0.4855990812948186
FAT1,0.4850418651388163
RANBP9,0.48503515423086463
ASXL1,0.4848733602907086
TTC28,0.4848644568021947
HGF,0.4846809923934196
ATR,0.48399165031044794
FES,0.48341467303656954
SMAD4,0.4829512839528812
TSC1,0.4822308742469198
H3-3A,0.481901628764054
CCDC91,0.48085283902551623
CYBRD1,0.47972109122524176
NRIP1,0.4793312705860629
MED12,0.4792707231200728
NTRK1,0.4778470998565761
EP300,0.4763825156156648
BAP1,0.47620218245647095
ALK,0.47580617734299374
DLX2,0.4754601726351386
CDCA7,0.47535488559769035
LMX1B,0.4747411327590533
CYLD,0.47452769517161314
DNAJC1,0.4743518590008517
ITPR1,0.4733795519785533
GNAS,0.47307030317337456
LATS1,0.47296693549085306
ZNF462,0.47223065932337777
DDX3X,0.47187549085584
SMARCA4,0.4718082479413715
ERC1,0.4716329063346839
STXBP4,0.4713763335052603
PTHLH,0.4709356185364766
ABL1,0.4691524304399613
ZBTB38,0.4689742531106756
ARRDC3,0.4683910730466126
XRCC2,0.4682631362165151
CDK12,0.4674567790049048
PIK3R3,0.4665076229118337
RAD54L,0.46598051935477897
SETD9,0.46573992523807906
BCL2L11,0.465147041073975
XPO1,0.4622955190984439
NFE2L2,0.4620730236058298
MARCHF11,0.4616555363603844
BRD4,0.46104920981882247
FGFR3,0.46088714538439474
SRC,0.46043804451226744
ETV1,0.4596872919505917
MAP2K1,0.4594415336730846
LRRC41,0.45928949170275946
KMT2A,0.45893708056301546
STAT3,0.4588507932838214
HLF,0.4588387878235191
RAC1,0.4585522784906393
SMO,0.4581497098390257
ERCC4,0.4576484751094757
CTNNB1,0.4576414353899807
SUB1,0.45762347310778745
HNF1B,0.4562875316759763
PPARG,0.4557644977541579
MAP2K2,0.4550611546998196
AXIN2,0.45501539257570567
ROS1,0.4544210423460934
SETD2,0.4542795133616974
LCK,0.45358121357476966
PLCG1,0.45347371529984015
JAZF1,0.4533660813777459
FH,0.4519075992018057
TET1,0.45181927537418537
HCN1,0.4515076237108788
TSC2,0.4508687972860939
FOXO1,0.4508487515026502
FANCA,0.4503836640023261
HNF4G,0.4503108016773144
TLR1,0.4499943629375363
EED,0.4499645268778822
KLHDC7A,0.44969302868831834
DICER1,0.4494531960414708
KDM5C,0.44939445861611427
GATA1,0.4488759955335952
FLCN,0.4488536794603264
STAT5B,0.44870840532135986
FUBP1,0.44861392430726776
ERCC2,0.4482291283207792
KDM5A,0.44807148235022176
ANXA13,0.44738288775863455
CBL,0.4470424134088979
SPOP,0.4469764080710136
ERCC5,0.4469587392210768
PDCD1,0.4463554393747752
CHD4,0.4463485057155082
WT1,0.4460545058698307
PSIP1,0.44527576943128566
RHOA,0.4452302349360844
MPL,0.4451051693422739
SH2B3,0.4447431938579895
IL6ST,0.4447197542093604
ATP1A1,0.44436938731052134
JUN,0.4439258040113648
KCTD1,0.4438168768329543
IDH1,0.4434750564739059
ZFP36L1,0.4431797097058354
CCND2,0.442410031304348
RASA1,0.44146748231160415
AXIN1,0.4410529018426854
VHL,0.44074253423368753
CNBP,0.44054651841675385
SMARCB1,0.44031246850584016
IDH2,0.44018985358317314
SALL4,0.4394386085065638
TNFAIP3,0.4392795211684431
ERG,0.4389542678457076
BCL6,0.438873357936059
NPM1,0.4388395388746083
H4C9,0.43860172991929947
IRF4,0.4384717024130598
CXCR4,0.43842218385168136
XRCC3,0.4381434721214302
PRDM1,0.438043689651654
HNRNPA2B1,0.43774262542245646
LGR6,0.4375687343164896
MT-ND6,0.43729977452953583
PTK6,0.4372259372523466
XBP1,0.4371152934731369
BCL9L,0.4368766552638309
PBRM1,0.4368161616205337
IL7R,0.43665377203352385
PIK3R2,0.4365750201035773
RAD21,0.43629938108314825
JAK3,0.4359063836230417
SMAD2,0.43553939215868376
ADCY3,0.43528290082682813
SOX2,0.43481730505041977
FDPS,0.4346996817746979
ARID2,0.43424836551401447
PHLDA3,0.43385663634666777
NR4A3,0.4335973272602304
ERCC3,0.43351004973570767
RBM10,0.4328210522211252
DAXX,0.4327624712254528
CARD11,0.4324853135969135
CIITA,0.43208221481354414
BIRC3,0.4316174412415336
KEAP1,0.4313446363103086
CIC,0.43106273574583515
SUFU,0.43060002453368185
HOXC13,0.4299265659500978
IKZF1,0.4298265483869866
ACKR3,0.42964923202893773
SDHA,0.4295624741648491
POU5F1,0.4293437106932034
TENT5C,0.4290635269887883
XPC,0.4290412855242351
CBX8,0.4289856680416203
PRKAR1A,0.4287930704755916
PDGFB,0.4286531218266788
PML,0.4285378537515905
SRSF2,0.4283393610282201
AMER1,0.4282415981149562
TMEM132E,0.4279734717248847
REL,0.427880340376713
BTK,0.42775376630138745
FANCE,0.42755538577647617
IRS4,0.4274751365800833
FOXL2,0.42659819259431614
CDKAL1,0.42637563532735673
RB1CC1,0.4260096350806743
PPP2R1A,0.425910647731551
PIDD1,0.4256328868550635
PARP3,0.4256143841766712
MAFB,0.42543669918595306
WDR43,0.42530156427992755
ACVR2A,0.42518141223963374
DNER,0.42484722383126466
FAS,0.4247557492969856
DDB2,0.4242313455708754
SFRP4,0.4241998904515335
STN1,0.4240557274779577
CEBPA,0.423579603496376
RNF43,0.422841601205123
EMID1,0.4227511989879949
TPM3,0.42263897640776976
MT-CYB,0.42254738747043474
FANCF,0.4225037605488782
PDPK1,0.4222446894108062
TAB2,0.4217054140218462
AKAP9,0.4203725751151791
MYCN,0.42012218987799504
PAX3,0.4195065466466338
TCF3,0.4190159159761264
VDR,0.418737290399857
LCP1,0.4186108991539693
BRD3,0.41857880132518
EPCAM,0.4184606401318954
ZRSR2,0.4184218542758415
DNAJC27,0.4184146909605367
PIM1,0.41812466119350206
MALT1,0.4178974262147777
PER1,0.4178746130865106
ADO,0.41763039376899047
PIP4K2A,0.4176240786757805
SIX1,0.4175565679516232
MYCL,0.41709252032476607
PRKACA,0.41677713980911735
YWHAE,0.4159619651923061
CTNNA1,0.4150478546912941
APOBEC3B,0.4149426496654501
B2M,0.4148396843609042
SCN5A,0.4147335499168966
HOXA9,0.41469579543188584
TRAF7,0.4144275911883831
CDX2,0.4141890628541362
PPP6C,0.4141783903434244
MRPS30,0.4140870711721381
EWSR1,0.4139439687560272
ETV4,0.4136099622186877
NUTM1,0.41335765750907094
HOXA11,0.413276694694452
MYOD1,0.4132413185926068
SPDL1,0.4130601308462857
NKX2-1,0.41225444482188794
INHBB,0.4121976035929326
DDX5,0.4120483687670189
NR3C1,0.41192173567278234
TRIM27,0.411851311200889
SCN9A,0.41167877022004007
CTNNA2,0.41149174654283815
RPL5,0.4114886848778825
NRAS,0.4111821630184613
TMEM45B,0.411146692955714
PGR,0.4111135625383481
STAT6,0.4109320254198576
DNMT1,0.41083905786242214
SCN1A,0.41035842882692447
ELK4,0.4099980283999716
KCNN4,0.40995209058299226
SBDS,0.4097813140223132
CCDC6,0.40957637859063506
SLC14A2,0.4094120730451799
FANCG,0.4092416880331074
U2AF1,0.4089290700008315
ATF7IP,0.40868222106088137
SCN4A,0.4083659955544268
POGLUT3,0.40811515686287353
HERPUD1,0.40810108682336926
LMO1,0.40798461363924726
ATF1,0.40753141720229846
GATA2,0.4072555526743895
SMARCE1,0.407085272662936
CDKN2C,0.40704737696199456
KIF5B,0.4069236163739035
KCNU1,0.4069123260361032
PITPNB,0.406673101471216
NFKBIE,0.4064329718694051
EML4,0.4059888207109541
TAL1,0.40574420832835034
FILIP1L,0.40524146724252935
BCL3,0.4052296128635137
STIL,0.4048304794217897
GNA11,0.4046657139230314
PATZ1,0.40449375085952455
PTGS2,0.4043893846053901
CALR,0.4030920517926515
HDAC1,0.4027458109268255
NFKB2,0.4027400347121076
FUS,0.40265960015188496
CD79A,0.4025618058845563
ZBED6,0.4021913882657373
LRIG3,0.4019950877726725
CNOT3,0.40190782586253854
SOCS1,0.401644180664729
WAS,0.4015489326856841
BAX,0.40150826991502214
TRAK2,0.40078690900643066
SFPQ,0.400735417926297
KLF14,0.40049681765180833
FLT1,0.40030099831934
FOXO4,0.40026926563182263
MAF,0.3993166742222858
SLC12A2,0.398631662400797
TFE3,0.3982681484100431
MLF1,0.3980683018166475
CCNB1IP1,0.3977196134898596
DNMT3B,0.3977042075296623
SMC2,0.39704071319150575
GIPR,0.39682133253271346
PLA2G6,0.39658251485060264
FSTL3,0.3965434345581921
HSPA4,0.39652741486749754
TNFRSF14,0.39639790286213583
NCOA1,0.3957515978413353
H2AX,0.3955144965398411
SDHAF2,0.3949551048462826
CD74,0.39487198753313224
SCN7A,0.3944060719849872
POU2AF1,0.39412413162832016
FAR2,0.39364919168565193
KLF6,0.3934736699752327
FAM72B,0.3934656685549929
GAREM1,0.39344349772397463
SCN8A,0.3933113288379008
RPL10,0.3932876492238838
SCN3A,0.391893990095185
FAM83B,0.3909992337785083
SCN10A,0.3904008874822588
TUBA1B,0.3903349414924888
RPL22,0.3900239511238057
SSTR2,0.3900051845607747
SCN2A,0.38987474949468687
TUBA1C,0.3898341606589433
PIK3CD,0.3898017493758156
PIK3CG,0.3894552023924026
SRSF3,0.38941387177464
SCN11A,0.3893203797126598
KDM7A,0.3885223112042104
TLX1,0.38847033551306775
XPA,0.388267080445725
FBXO32,0.3876885409734645
DDIT3,0.3875353665877993
ABO,0.387379655234566
P2RY8,0.38650866525067606
LRP5,0.3864294222686096
LRRC37A,0.3864011333802279
VPS33B,0.38443716109029374
PRF1,0.38403496931445663
H4C6,0.3838741627033022
H4C14,0.3838741627033022
H4C1,0.3838472533158721
H4C8,0.3838468239463414
H4C4,0.3838468239463414
H4C13,0.3838468239463414
H4C15,0.3838468239463414
H4C2,0.3838468239463414
H4C11,0.3838468239463414
H4C16,0.3838468239463414
H4C12,0.3838468239463414
H4C5,0.3838468239463414
H4C3,0.3838468239463414
KCNJ5,0.3825385218114501
RBBP4,0.38119238454821225
ADRA2A,0.3811077179361006
H2AJ,0.38110679369964073
BCL10,0.3810494295209372
TMEM127,0.38068264948585473
SDHD,0.3806770520554389
HEY1,0.3806727714304284
DUSP4,0.3799311676716058
SSX1,0.3798844596608065
DDX6,0.37973927208537367
EPOR,0.3794402895499375
CHST9,0.378918127693543
TUBA4A,0.3787257764426092
TNFRSF17,0.3785958155755621
TNRC6B,0.3781911861329963
RBBP7,0.3780322401557964
ABCG2,0.3778224977701077
RCCD1,0.37777095160968066
MUC1,0.3777608159518665
HDAC2,0.37769166239844504
FGF10,0.3776782634868812
HDAC9,0.3773259636730876
H3C6,0.37673367040018574
H3C3,0.37673367040018574
H3C1,0.3767313958021533
H3C7,0.3767313802185871
H3C4,0.3767313802185871
H3C10,0.3767313802185871
H3C12,0.3767313802185871
H3C8,0.3767313802185871
H3C11,0.3767313802185871
ADRA2C,0.37653642549111066
HOXA13,0.37646143157893097
WIPI2,0.3764570641313411
H2BC21,0.3760967668058102
HDAC3,0.3756464581295042
HOXC11,0.37562853172209
NDUFA13,0.3755231607178642
MYO5A,0.37539725228020265
HOXD13,0.37501600718298
HDAC5,0.3739348805892819
H2BC12L,0.37388351290522465
H2AC20,0.3738742874840656
H2AC18,0.3736535919641011
SSTR3,0.37349837496958455
H2AC4,0.3732676830348065
H2BC17,0.3731498934198852
CRLF2,0.3726075293074442
H2AC8,0.3724823258436014
H2AZ2,0.3722675498094151
H3C14,0.3722446839100744
H2BC12,0.3720551039847977
H2BC5,0.37194413600129056
H2BC4,0.37194413600129056
H2BC10,0.3718916793368253
H2BC8,0.3718916793368253
H2BC7,0.3718916793368253
H2BC6,0.3718916793368253
H2BC14,0.3717460032774371
THSD4,0.3714486244037208
TUBA1A,0.37133360137397187
FMN1,0.37109410547820154
TUBA3E,0.3709072664289048
HDAC6,0.37086801830154464
H2BC11,0.37073479173059143
H2BC3,0.37068859424875583
CALCRL,0.3705778264661629
RPS23,0.3705421360667466
PCM1,0.3699833125293671
SSTR1,0.36997830935054465
H2AC14,0.3699494345393865
H2AB1,0.3699494345393865
H2AC6,0.3699494345393865
H2AC19,0.3699494345393865
TUBA3C,0.3697420632759405
H2BC26,0.3695798546847018
H2AC7,0.3695798546847018
H2BC13,0.3695798546847018
H3C15,0.3695798546847018
H3C13,0.3695798546847018
H2BC15,0.3695798546847018
H2BC1,0.3695798546847018
H2BC9,0.3695798546847018
ALKBH5,0.3690890929209642
HDAC7,0.3688053872039155
OLIG2,0.3685551945375884
SEC16B,0.3684872574406715
GSR,0.3684688401238096
ASTN2,0.36789983814632743
SSTR4,0.36776517549106497
PHOX2B,0.36747530273441387
SSTR5,0.367395385339284
FLACC1,0.36736491806223104
TRIM32,0.3667557569516344
ZAR1L,0.3667053447038208
ADRA2B,0.3661998714218702
HDAC4,0.3659203206790328
HDAC8,0.3655928584522033
MIER3,0.3651388613835675
LYL1,0.36408375407770854
NDUFAF3,0.3634654148371948
RIPK1,0.3634605637780512
TAL2,0.36333016338394514
ADCY9,0.3621044483606468
NDUFAB1,0.362084489906796
RIN3,0.3612993633792566
SLC4A7,0.3609646454202513
CACNA2D1,0.36093152639008086
STRADB,0.3607446952258506
PIK3R5,0.36070552100668096
PLK2,0.3605155812042497
BIRC6,0.3601026412038264
COXFA4L2,0.3586110572990285
HDAC11,0.3572223760315724
NDUFB8,0.35717809155097746
PTCH2,0.35703467183957105
GREB1,0.356846003187855
MAPT,0.3567724139380977
COXFA4,0.35601863741797496
NDUFV1,0.35588260286526785
FEV,0.3554639574571611
NDUFS1,0.3552937428834104
CHD1,0.35525942977306924
MT-ND3,0.3552474410548379
NDUFB9,0.35515101990114906
MT-ND4,0.3547384756723352
NDUFS6,0.35473829987416927
CYP17A1,0.35457842958038543
NDUFA11,0.35445500664944646
NDUFAF4,0.3542990644829836
MT-ND2,0.35424526208251467
NDUFS3,0.35416136949112864
NDUFB6,0.3540574338120102
MT-ND1,0.35357664703205677
CSF2RA,0.3535552419637998
CSF2RA,0.3535552419637998
RARB,0.3534920228142879
KLF5,0.35283786556894864
MT-ND5,0.3528223274924643
NDUFA8,0.35278481368948383
HDAC10,0.3526352576130493
HMGA1,0.35253477485891876
NDUFA6,0.35236646982619485
HSF2,0.35228053818227384
NDUFAF2,0.35205078703365167
NDUFS2,0.3519387036669792
NDUFA3,0.35186599710630934
NDUFS8,0.35186471384292506
GPD2,0.3517542106070529
NDUFB7,0.3517030226565005
NDUFB2,0.3514964172516246
NDUFB1,0.35148615114455006
NDUFA1,0.3513578248061179
NDUFS7,0.3513578248061179
NDUFA2,0.35128339552982724
NDUFS5,0.3512192323606111
ATG10,0.3511837672098006
NDUFV2,0.35112683739693995
NDUFAF1,0.35112683739693995
NDUFB4,0.35112683739693995
MT-ND4L,0.35112683739693995
NDUFA9,0.35112683739693995
NDUFC1,0.35112683739693995
NDUFB3,0.3509567448219032
NDUFS4,0.3508496525059264
NDUFB11,0.35075725754225523
NDUFA10,0.35075725754225523
NDUFC2,0.35070592700688236
NDUFB10,0.3506648625785841
RALY,0.3505926206564144
NDUFA7,0.3502028877602282
NDUFA5,0.3502028877602282
NDUFV3,0.3502028877602282
NDUFB5,0.3502028877602282
NDUFA12,0.3502028877602282
PTPRD,0.34985727291567553
FAT3,0.34859640731035996
EIF2B5,0.34788328942733865
NAB2,0.34768224829463323
HOXD11,0.34716894294090445
RECQL,0.3470064923773872
TNP1,0.34699804996844136
ATXN7,0.34688426085437385
NLRP5,0.3460924838657165
RINT1,0.3451455427047087
PPP2R1B,0.34429981057223596
A4GALT,0.3435323435131341
SLC6A2,0.34241595614747344
CSMD3,0.342200008223114
TOM1L1,0.34185067923181894
PAH,0.3413104061392386
MYO5C,0.34128609111652936
SLC25A15,0.34102981091030854
SLC6A4,0.34086628817681913
RARG,0.3364165764162938
RGS7,0.3362122533340882
EPHA3,0.33596192127202334
NCOA4,0.3359302029879878
ABCB1,0.3358174182967419
C22orf31,0.3354603848215552
MSMB,0.33541055794914787
ARHGAP29,0.33499055718598497
BSCL2,0.3348393483443398
ARHGEF38,0.3336133066236139
GNG3,0.33317623899825866
MED23,0.33316061449853956
CSF1R,0.33289300930605137
AAK1,0.3328298572338203
MTUS2,0.3320876544390972
SEC22B,0.332038513024814
MAFF,0.3318979582976995
TSHR,0.3318278008250754
TCL1A,0.3317165031815566
HMGCR,0.33113564504187254
RFC1,0.33068687481156156
USP44,0.33024069113698873
MOXD1,0.3300914091273718
BOD1L1,0.32953059833672504
HSP90AA1,0.32881071348266533
VGLL3,0.32853953399823743
CASTOR2,0.3284099382630795
RREB1,0.32828078963870755
GLI1,0.32811885943184615
SRGAP2C,0.32806922387979565
LRRN2,0.32774627558440067
HTRA1,0.327645397286003
PNPLA2,0.32764509841909806
MTMR11,0.3261681556453051
PPM1K,0.3253973025875973
EPHA5,0.3252917394180126
SMARCD1,0.3249696240482891
CCDC171,0.32467280167219786
CPEB3,0.3245846287137151
NUAK2,0.32437113795441946
TENT5A,0.3240754445752268
ENPP6,0.323889718320087
H3-7,0.3237621432451719
CPXM2,0.32318143345466627
FURIN,0.3225175717082817
PRKCB,0.3217832393905295
CD34,0.32145596639127844
CLK1,0.32085058207315664
LYN,0.31964672557817303
PDE4D,0.31961307895485275
TNC,0.31948974886021264
FLNA,0.3194329551193182
KCNQ1,0.31897709271368857
LYST,0.3189623943611988
LIFR,0.31849205603808006
EPHA7,0.3178669328358731
IL2RB,0.31749263486026186
MUC16,0.3168151881540018
NBPF10,0.3164904403992457
TBL1X,0.31630995228791875
LDLRAD4,0.3161813097040749
TBX5,0.3156030999561797
GRHL1,0.3154643114295598
UTRN,0.31438235971800876
NBEA,0.31391737965042105
ITK,0.31385501833280516
IL2RA,0.3138226857922829
MUC4,0.3137114346652438
RNF32,0.31370052745162214
PMS1,0.3136077076775264
ZEB1,0.3133256158635421
EIF4A2,0.3132368216515653
SYNE1,0.3129897797532334
GPHN,0.31295970473175744
PRKD1,0.312959193028777
OXR1,0.31295412488982827
BAIAP2L1,0.3127584835048064
LASP1,0.31224515950357234
PPP1R3B,0.31186431891003485
AMFR,0.31174051882099485
SERINC1,0.3114981115101031
RPN1,0.3113522269426456
TRPV1,0.3111754477316084
TIPARP,0.3108185677562537
HSP90AB1,0.31077589742743694
SETDB1,0.31070962417294506
NUMA1,0.3105862898024948
PAX7,0.3104820050084199
GSK3B,0.3103526961467208
FAM185A,0.3097508739676622
BABAM1,0.30970793701573845
UVSSA,0.3094421420741582
PPIA,0.3093012845004516
USP9X,0.30924052731151075
MAPRE1,0.30915307006353093
ARHGAP5,0.3090013406892732
BLK,0.3087541894761925
NSD1,0.30867819758634985
MYH11,0.3084215043372962
ELN,0.3079420525707064
COX11,0.3076983638829905
BCR,0.3076832331981704
TLX3,0.30757256795426846
VTI1A,0.3075156038635395
A1CF,0.307405515153158
IGSF5,0.3072054164037537
NTF3,0.30695791894381125
ITGA1,0.30694744690286535
MMP9,0.30675240437974555
CD9,0.3067112485305649
MMP1,0.306626197295035
MACC1,0.3066102481018991
MMP2,0.30633050470946244
PLAUR,0.3061462265330477
ANTXR1,0.30609775279726886
MGMT,0.3052187859783738
SEPTIN9,0.30515493845576275
ADRB1,0.30502600278236036
HS6ST3,0.3048756969507666
FBLN2,0.30454112115843995
SGK1,0.30417406129124713
IGF2BP2,0.3041392590108999
TFRC,0.3030475472517093
ZMYM3,0.3030437805997949
HCAR2,0.3028982022676689
CDH10,0.3024419037893849
PRRX1,0.3021862636796927
ISYNA1,0.3021622999247865
FNBP1,0.3018946352587178
PSME4,0.3015366688392651
MSN,0.3011557930164724
ESRRG,0.3007937446421581
COL3A1,0.30056117488400347
DGKQ,0.3003203380937766
RHPN2,0.2999290895264328
PRDM2,0.2997689224664608
ROBO2,0.29935077894923035
CHST11,0.298984037720084
EZR,0.298965455393702
ROCK1,0.2987661963663896
VAV1,0.2986644226520162
ATP4A,0.2986439728336899
CLIP1,0.2986298441392279
MLLT3,0.2986216016322417
MEI4,0.29782018712799074
ST6GAL1,0.2977317963634748
COL2A1,0.29753745432143114
KANSL1,0.2974243448660141
GAS7,0.29742068259060606
GOLPH3,0.2973330365004137
SWAP70,0.2973212406918427
PRKG1,0.2972503854544234
TACC2,0.2971905359443318
KAT7,0.2968086142344653
IGF1,0.29639635980038415
IL21R,0.29625270667684994
DCC,0.29602802626519875
AGTR1,0.2960149706606669
KTN1,0.29594454181866986
PADI6,0.2953753200763556
ZNF596,0.2947852779376347
ACSL3,0.2947468232959844
EN1,0.29451631471954054
ASPM,0.2944376902336378
ANXA4,0.2943658232204078
POLG,0.2943375454128247
CD28,0.29381357624947674
CHRM3,0.2937926290807433
IRX5,0.2935450178958219
SMIM38,0.29348565649606284
RALGDS,0.2930462988098509
CASZ1,0.2929292699631238
ZFAT,0.2928439991068395
BCAR1,0.29282355299166724
BNC2,0.2927565856195143
NPY2R,0.29274092798942425
CEP120,0.29271550407770214
HOXB13,0.29245368888822504
PLEC,0.29227514909379887
THRAP3,0.2921033767787281
TMPRSS2,0.2917756450445729
ALDH2,0.291731322300754
CD209,0.2915417628406825
ITGAV,0.29147944202011805
MNX1,0.2912577652964042
VRK1,0.29113620252749967
LEPROTL1,0.2910698008318891
CTNND1,0.2909993905483069
ATRIP,0.29092409055214397
TPRG1L,0.2908419872164375
SMC1A,0.29038524464686816
TCF12,0.2900879834516728
ZNF18,0.29006809780147563
TPR,0.2900344821493565
CHRM2,0.29001752485674515
CHD2,0.2897530352525641
LMNA,0.28971686159474663
CUL3,0.289386734682185
BTG1,0.28921959539179876
CPD,0.28894032276652937
ELF3,0.28871426851433984
CLIC6,0.2886895988469123
RGPD3,0.2885273837014413
OSR1,0.28851451523514693
CYP2C8,0.2884705125761265
SET,0.2884683009929318
PABPC1,0.28832980040566236
PSCA,0.28813729486557643
PELO,0.28782034422342945
MMP7,0.2877011242472256
NR2F2,0.28764427611651566
PICALM,0.2875811991424967
BCLAF1,0.28735546629589565
INCENP,0.28704169959594333
CFAP299,0.28674101875734526
COL1A1,0.28668331125864244
ZNF384,0.28653984886853673
PLXND1,0.2864441536851937
ANK1,0.28637506123865963
RNF213,0.286145838369894
DLGAP1,0.2858774412243796
SEPTIN6,0.285755289282127
EIF1AX,0.2857452843976607
MMP3,0.2850231004551956
GPC5,0.2848590426843753
ANKLE1,0.28432064228214626
NIN,0.28428297579931466
IFNGR1,0.28416446767192965
CTNND2,0.2840608528593271
GRM3,0.284012099790528
ZC3H4,0.2840096171397038
CDH17,0.28400342153540153
SLITRK6,0.2838688824628213
BANP,0.28384075848825097
TNRC18,0.28379711656858125
CNTRL,0.2837287895152219
BMP5,0.28366832089611
PDE4DIP,0.28332227460503584
GLIS3,0.2831587705443029
ASXL2,0.28310352382515147
CNTNAP2,0.28308540728885073
SIPA1L2,0.2830765264836179
FAM135B,0.28301175937737627
STAG1,0.2830093354354281
TPM4,0.282904738759818
SKIDA1,0.2826600543434238
TRAF3,0.2826008490458488
PAX8,0.2825421360645881
KREMEN1,0.2823416184810502
SNX29,0.28194921729515776
CNBD1,0.28194921729515776
CRHR1,0.2819206299428768
LMNB1,0.281340024543149
CSPG4,0.28067115312351804
SRGAP3,0.2806192830473963
MUC6,0.2806103123695371
AFF1,0.2806046695582442
ABCA1,0.28042556194394364
BAZ1A,0.2804222764526352
ECT2L,0.2804012466465615
ATAD5,0.2798576601429693
LARP4B,0.2798468768645344
TEFM,0.2795938981693226
ZNF479,0.27936486742395394
NUP214,0.2792728985936204
PPFIBP1,0.2792545155571853
SHTN1,0.2792347602302129
SPECC1,0.2792131469321351
IL2,0.27897675916184217
RBM15,0.27890697563252526
ARHGEF10,0.278589278747899
RAP1B,0.2785697225545476
KIAA1549,0.2784956005208435
ACSL6,0.27849381966553466
N4BP2,0.2784352871417804
LHFPL6,0.2784186047177842
WNK2,0.2782941116378928
NREP,0.27818269896772435
PKLR,0.27777326103920247
SKI,0.27758957527871486
TFG,0.27746000696969575
RFWD3,0.27739765608264694
CYSLTR2,0.2773227103583166
RABEP1,0.2770883707509103
CASP9,0.27669811484538653
ARAF,0.27667468095187575
SIRPA,0.2761881943688018
FIP1L1,0.2761549281078404
CNR1,0.27596015560444603
TRIP11,0.2759290737521997
RAD17,0.27580026175101224
CCR7,0.2757941750129478
LRPPRC,0.27570312242445266
SIX2,0.2756879303678286
TEC,0.2755936444169672
APOBEC3C,0.275581059006033
CRTC3,0.27546709893384386
GTF2I,0.2754320297109818
ZNF429,0.2752823090065015
CEP43,0.2752516803903131
STRN,0.27520866540167066
SERPINC1,0.27511780592118146
DGCR8,0.2745687370148124
MMP12,0.2744924404983543
SETD1B,0.27440074529748343
ID3,0.27418921300577154
NTHL1,0.27413313731535205
LHCGR,0.27400966182499736
ACBD6,0.2739614348610865
CEP89,0.2739510672850352
ZMYM2,0.27352759036820895
FEN1,0.27331929683265205
HABP2,0.27304462751775366
HOOK3,0.2730301817670166
PWWP2A,0.27302711764832344
ARHGEF10L,0.27302711764832344
PHC2,0.2728670282109849
NACA,0.2723084901531032
NCKIPSD,0.2717912719020313
CTSK,0.27148955589228563
SS18,0.27135630872193633
APOBEC3D,0.2711351251682106
KLK2,0.2711294275312138
CCNC,0.2710519603961531
MLLT1,0.2709976622712861
DNAJB1,0.2708695054894196
COX6C,0.2708259018830274
HBB,0.2707818276798746
IFNGR2,0.2704839168187515
PRCC,0.27041182687107546
LACTB2,0.27013727874404003
SDC4,0.2701190010396646
SLC45A3,0.26997808384717464
CEP128,0.2699115288728571
SCHIP1,0.26990941500111243
DCTN1,0.26988568888350345
TMEM18,0.26939646645319104
MB21D2,0.26933131910147645
PTPN6,0.2689867254422243
MYO7A,0.26886934428312054
BTG2,0.26879843561807243
ISX,0.26873460162776674
LYPD3,0.26828190765811494
CPS1,0.26799402718598875
CYP11A1,0.26795407110247443
SOX21,0.2678916290491252
CRNKL1,0.26770912129784724
CASP3,0.26765597163142096
ATIC,0.2674800282575573
SLC25A21,0.2671931434449342
FKBP9,0.2671251138350352
FAM47C,0.2667647923328327
ZCCHC8,0.2667647923328327
LSM14A,0.2667647923328327
GMPS,0.2662517604509698
HLA-A,0.2658155807577967
MARCHF5,0.2649150411960864
MDFIC,0.2645919516828959
PAFAH1B2,0.2644964783274408
PRPF40B,0.2640853383863686
NFE2L3,0.2631219263214871
KNSTRN,0.26284377320532254
HBA1,0.26251805273240697
ASPSCR1,0.2622823533313963
KDSR,0.26191405674009594
HBA2,0.2616569902762627
CAPRIN2,0.2614733784624112
GTF3A,0.2611922565598536
CANT1,0.2611235664953537
DCAF12L2,0.2609901071033842
MFN1,0.2609227592319103
NONO,0.2607702388257433
RPL10L,0.26073732655864545
EMB,0.26056676701553294
LDAH,0.26019435036028093
TCEA1,0.25989969254045825
ABHD8,0.25989857027004665
ZNF704,0.2597588262376806
RCC2,0.25946824174520033
ANXA1,0.2594071232176044
TIMP3,0.2593464813739699
CCR4,0.2593204480251145
SEPTIN5,0.2591422078299607
SYT16,0.2591045247936309
GOPC,0.2584799124546263
CBLC,0.2583359426990551
SS18L1,0.2583106531569201
RPGRIP1L,0.25777241394335004
FOXR1,0.2572943085565372
GOLGA5,0.2572943085565372
CHIC2,0.2572943085565372
DDI1,0.257152960333459
CCDC112,0.2567396151389935
INPP4B,0.25556539272125667
PCBP1,0.25539111321936264
BCL2L12,0.2553686427759548
SLC22A5,0.2551732582718197
RALB,0.25429963679780015
IRF2BPL,0.2542278921132125
SPDYA,0.2541696065048605
ZNF217,0.25361198315056216
FAM131B,0.2532905267974529
S100A7,0.2529310399902475
FGF4,0.25276792139167936
DOCK2,0.2526662955854804
DLGAP2,0.2525582961542572
CDH8,0.2514405737465128
SLC5A1,0.2510316636472854
MYEOV,0.2509305123381125
WDCP,0.2507240000288092
SSBP2,0.2505480741708441
POLR2A,0.2490471204629447
HOXC6,0.24865765848607452
ETAA1,0.2485489705166196
FOXQ1,0.24789102554853903
BCL7A,0.24776736119133155
TRIT1,0.2473739622498013
PSD3,0.2471137380183265
NUTM2D,0.24702820148196217
ALCAM,0.2468481972919747
KLC1,0.24631400523197297
KLF12,0.24611632946878853
PARP8,0.24524252855537404
MLLT11,0.2445266752076524
FGF3,0.2441146114999975
CMSS1,0.2437650644590282
OMD,0.2436660514150388
ZNF618,0.24168252961199124
CHCHD7,0.24125351625251368
PIERCE2,0.24125351625251368
POU2AF3,0.241105467297831
C1orf105,0.2399190280888207
CSTF2T,0.23824459125611924
XKR9,0.23821378415279668
JMJD1C,0.2380660179719772
ENSG00000293569,0.23678745503072324
BTBD3,0.2366875218321117
FADD,0.2366378774251499
ADAR,0.23656814353472697
ZFYVE26,0.2360859561729712
CITED4,0.23607748811335896
ZSWIM2,0.23573295712094097
CRLF3,0.23538061581292893
PROX1,0.23521222745552792
HELZ,0.23475180447343907
MBOAT4,0.2343956048365292
CDYL2,0.23389682190111616
CLP1,0.23135698903262333
SGCE,0.23119672178654196
THOC7,0.2309347335593738
EIF3H,0.230719791971566
KMT5A,0.2292859339379511
TFPT,0.22854920874772705
MAD1L1,0.22655003127225315
SPDEF,0.22491904873708157
SOX4,0.22475586896626307
CREB5,0.2238593842374389
POC5,0.22184060383989704
GLI2,0.2215873081270079
EGR2,0.21937148319666824
LRFN4,0.21857786782177907
ALG9,0.21602102848647356
HMMR,0.2155918527141899
REEP3,0.21425236142848303
GAK,0.2140704603264322
LDB1,0.2137384500628437
ISL1,0.2132119032335059
SLC22A4,0.21316440338322296
CUX2,0.2130191117542121
SERPINF1,0.2126599264162992
PIGC,0.21211179733375027
PKNOX2,0.2116249079314563
RTKN2,0.2111552783915045
KLHL1,0.21054955999449024
GID4,0.20988169068846324
PHB1,0.2096430893099773
STH,0.2091201327949559
ENSG00000293685,0.2082036330053546
NUTM2B,0.2078886682601447
B3GLCT,0.20737340926881265
ATXN1,0.20613731335801652
MLXIPL,0.2060665726785219
BCKDHB,0.20604915614373423
PDE3A,0.20582451529238735
ABCA4,0.2034383469153868
GATAD2A,0.20230919847801748
TFAP2C,0.2019978760183421
PIP4K2B,0.20013914543048947
XRCC6,0.1999545812161628
MCHR1,0.1997042712199765
TTLL7,0.19871665982582884
UBA7,0.1979672264602646
AP4B1,0.19780961960870788
GDI2,0.19725941427995836
CDH2,0.1965154563326396
FAM177A1,0.1962435391468731
INHBE,0.19620833387868675
MRPS18C,0.1961982425123206
DYNLT2,0.1951454316792111
RNF115,0.19495207904190087
MTNR1A,0.19473002369784817
ZNF365,0.19320371208430423
RCOR1,0.19282345083792057
GNB4,0.1913620631797939
RPA1,0.19062964022783072
PSME3,0.1904832903228224
SLC35E3,0.18882538251915407
BHLHE40,0.18859842870940124
ATP1B3,0.18838295687941853
MED13L,0.18830325265161968
OPRL1,0.18773825285211856
AQP4,0.18767939044002305
PID1,0.187222004192268
ZBTB7B,0.1864203269952624
FTMT,0.1859501877597476
TASOR2,0.18567268247388047
HSCB,0.1845976431229233
TFAP2A,0.18385223429606415
FAN1,0.18375823423588852
ZC3H11A,0.18309544400455255
NR2F6,0.1826395474372936
TXNIP,0.182308853894475
PTGS1,0.1818235042955283
MTNR1B,0.1812672811790108
TRAF2,0.18035659172264487
TMEM38B,0.18004321027632486
HOXC5,0.1799699437812468
CSNK2A1,0.17989671523823092
ITGB1,0.17913090393634565
SPPL2C,0.17890687702609803
DLL1,0.17839244950095454
LYPD5,0.17671685724472827
SSPN,0.17653637283066956
MYT1L,0.17598185413479306
GOSR1,0.17500211395620116
STAMBP,0.1746387905682805
PHLDB3,0.1741990532115183
SGCG,0.17372615665853292
SLX4,0.1732630113190399
ELOVL5,0.1728930666755796
MAP1LC3B,0.1726983876851884
UBIAD1,0.17252757260443888
FAM50A,0.17227383849335504
BARX2,0.17087548692905333
SIDT2,0.17063046806544163
CLCNKA,0.1703071192642947
ANKRD35,0.17028371241930065
TLR10,0.16969172733456978
PGGT1B,0.16958804008331216
SLC12A3,0.1695703754531239
ANKDD1B,0.1688553634328572
NOL4L,0.16803461351697094
MLH3,0.16786945915093507
GSTM1,0.16752156199177512
RFC3,0.1670539227790765
DLEU7,0.16439671073871548
CSK,0.163678910066092
DOCK3,0.16293305148090378
PDHB,0.16257404193127262
CDH9,0.16254420793461963
NOS3,0.1624362232176327
RFLNA,0.1622750454663963
CYP51A1,0.1602958507561665
CCDC157,0.1589664594957298
MTX1,0.15872783618870048
ANKRD30A,0.15857171033835882
NIPAL1,0.15797195289108246
FAM72C,0.15769266652220812
HSPB7,0.1572676296278912
IMP3,0.15696350640609255
ADAP2,0.15644848673581613
VPS4A,0.15453057674004092
RASA2,0.1534732102485501
RPP25L,0.15337563969415124
ASB3,0.15337563969415124
TADA2B,0.15337563969415124
PSMD6,0.1526574977250474
CASD1,0.15178658617652432
ULK3,0.15127516288125228
FANCD2OS,0.15027442331263213
TRIM46,0.14967796091222088
TCEA2,0.1495726871359585
TSPAN16,0.14889934357012952
IGF1R,0.14817953920419877
LHFPL3,0.1478319418738807
MELK,0.14724242390931094
KRT19,0.14719904469859432
PAK4,0.14656633824296425
EPHA2,0.14640262273180418
BCL2L1,0.14615211436638192
CBX6,0.14573468232104766
MAFG,0.14552703575882084
RBM8A,0.14551504123171108
CTLA4,0.14539550864249132
AURKA,0.14538000479444352
MME,0.14530041270688906
NOTCH3,0.14514215292652694
WWOX,0.14471269789584892
ACSM2B,0.14432831620917955
PPP2R2A,0.1441123620710294
TGFB1,0.14384696187363602
TACC3,0.14376006348237846
EYA2,0.14368956122371082
BRI3,0.14336671277063867
USP3,0.1433247805582119
CHD1L,0.14261745550571853
ADRB2,0.14253425649546672
VEGFC,0.14233673795649485
NCAM1,0.14209592284358988
CAVIN1,0.14182940422259602
GART,0.14181443467046148
FOXD1,0.14106156169891723
SMAD7,0.14072346393652688
EBLN1,0.14066525166901256
TRAP1,0.14033839076279428
AIM2,0.140317009093408
FRK,0.14008351623635756
SV2A,0.13992593770383976
CXCR2,0.13955995416226075
EPHB2,0.1395065720954358
SAV1,0.1388050908924391
NOBOX,0.13859244550676317
CACNA1C,0.13841244982298795
YES1,0.1380518076591954
ACACA,0.13804210722101304
ERCC6,0.13786948903648527
MED9,0.13782301689868215
AP3D1,0.13781026705349844
AURKB,0.13774923023754415
OPRM1,0.13774759239906592
ESCO2,0.1376049999977952
FNTB,0.13707892879805328
NT5E,0.13707829586135348
HCK,0.13692576436602838
TLR9,0.1366178217360358
TGFB2,0.13629494448415683
JRK,0.13610472097215498
RFX3,0.1360833063706553
CDK20,0.13606988809962575
UGGT2,0.1359221853603808
CHEK1,0.13587081980577326
PRMT5,0.13557887524012857
EPHB6,0.1355323131503757
GPNMB,0.1354535429589961
EPHA10,0.13530298516238667
TSPAN8,0.13501355642285323
C16orf95,0.13491614310913963
PCSK4,0.1348769585569148
ZSWIM3,0.1347905598524186
MRPL34,0.1347812535670944
IDO1,0.13473653458451754
CD47,0.1346685064385002
ROR1,0.13466147006241133
PLK1,0.13434662555360746
CSF1,0.13433512377829085
ERCC8,0.13393604417826233
CXCR1,0.1335436510686022
EPHA4,0.13344468581106567
IL12A,0.13342008551178694
ELOVL2,0.13339961874597003
KIF11,0.13332918155019743
RRM2,0.13310381140965452
STKLD1,0.13306730111852866
SMG6,0.13306387654056476
DOT1L,0.1328171363478359
ABCC11,0.13268117517699823
HP,0.132438567076788
IGF2,0.1323055263478239
TFPI,0.13211203292141338
CACNA1H,0.1318312240654538
MED28,0.1315710031290293
RP1,0.1315358861267632
POLR3C,0.13147883224622126
LAG3,0.13136207648448356
PUM1,0.13118697800415594
EPHB4,0.1309421050939143
ADAM33,0.13089377958719867
TG,0.13086492639242453
PLK4,0.13078198395846788
IL6R,0.13074066087625183
ANGPT1,0.1306508313608081
SUMF1,0.13020536992747017
ADORA2A,0.13010598339255378
MMP14,0.1299931249323186
DNASE1,0.12992755952887716
ADRB3,0.1299160373449053
TSPEAR,0.1298970528145981
CCNA2,0.12984940639728215
DMBT1,0.12969445211217764
PRKCA,0.12929816458637755
FGR,0.12917954242158575
TNFRSF9,0.12909949230640563
KRT8,0.12907382486956953
CDK2,0.12900193400392138
PRL,0.12900144976530362
CDK1,0.1287319505382553
SPDYE12,0.12864660019587756
OTUD7B,0.1283940478638431
IL1B,0.12837749740486917
CREB3,0.12824631456775906
MC4R,0.12824338160740384
LRP6,0.1281291099104222
DPP4,0.12806039915950676
ZNF703,0.12791880206444897
TNNT3,0.12765440991337987
TTK,0.12761985020354827
AXL,0.12750962319704548
INSR,0.127495214119124
MMP8,0.1269615742459695
CEBPB,0.12687442113594072
NUF2,0.12677935279701674
ENSG00000293584,0.12670001666410208
CEACAM5,0.12660367538527662
NDRG2,0.12645815077133404
HRH2,0.12645028290516544
CDK7,0.12628645679620532
ANO1,0.1262022770303688
CXCL12,0.12604006922961217
FYN,0.12597834484778778
HTRA2,0.12595576515161305
ENO2,0.1259409831710966
BBS7,0.125775692978025
SREBF1,0.12571763557499643
S100A4,0.1256496614393576
TDG,0.1254916898565985
EFEMP2,0.12544331252619478
DFFA,0.12517220462758488
TMEM175,0.1251338269252282
TLR4,0.12503231811277385
FBXL22,0.12500136655818955
ADORA2B,0.1249404700363561
S1PR1,0.1249137640528029
CCNG1,0.1248075763604683
BECN1,0.12471353658318346
TYRO3,0.1246152668813983
SGSM3,0.12452986178294628
DCTN5,0.12433272549014944
PCSK7,0.12407057323795312
OCIAD1,0.12382768218816594
SYN3,0.1236339951386418
PRDX1,0.12336321517939668
TEK,0.12333438924703838
TES,0.12308022086335416
NEK3,0.12301779475032734
MMP13,0.12272107027697776
HPR,0.12256992357569312
PDE7B,0.12241026098035716
MIF,0.12239093285651224
CDH5,0.1222944247459622
EPHA1,0.12217454734118
CUL4A,0.12185232219803288
FANCI,0.12177014854414224
BMI1,0.1217471020452588
CDK5,0.12173314569795264
UFL1,0.12147191067714248
PDE5A,0.1214628065430105
PIEZO1,0.1213739304123776
EREG,0.12137331031315958
AKR1B1,0.12135184753622656
ERAS,0.1212749441660507
ERAL1,0.12127195497432904
SP100,0.1212115124425388
TLR3,0.12118671211529523
RPLP2,0.12109368499551838
PAPPA,0.12103372260789597
SMURF2,0.121020105976875
SPCS3,0.12099935359898398
PSEN2,0.1209895489008242
PDK1,0.12093464713243622
UNG,0.12089206671826348
TMSB4X,0.1208691142341089
RPL17,0.12086141199098412
MST1R,0.1207980121127996
PDE7A,0.12075672704182094
EFCAB10,0.12071402003639074
PRH2,0.12071373788102303
TMEM37,0.1207136387499505
MAPK14,0.12070884936586686
TXNRD1,0.1206840667940183
TNF,0.12056261660164604
LEP,0.1204931434286315
PRKCG,0.12048588467359923
FOSL1,0.1204505274864325
IL6,0.12040978235569764
ALOX5,0.12038561158755612
TIGIT,0.12036493567909048
DCTN6,0.12016169652607105
NOS2,0.12013363151776348
GABRA3,0.12008274744925594
CD44,0.12006746005403891
YY1AP1,0.11998689090089934
CD151,0.11990071069435872
FOXM1,0.11979951789790431
MALAT1,0.11979724239224077
BIRC5,0.11974443653563122
PTGER2,0.11970373989310357
MT-CO2,0.11965100163432428
MTCO2P12,0.11965078876048528
CD8A,0.11959464635294444
MKI67,0.11955519360970043
PTK2,0.11952251937523826
HIC1,0.11940210105691464
NCSTN,0.11938530441611588
CAV1,0.11936554884830852
THRA,0.11935965320651824
GPER1,0.11933668749637638
ICAM1,0.11930519574494962
NBPF3,0.1192818980994875
PYROXD1,0.11918950313581632
WEE1,0.11912767692604864
CCL2,0.1189920683152943
TF,0.11897800449173128
TWIST1,0.11884474271955174
NFKB1,0.1188179215567834
SRMS,0.11878939603641392
APC2,0.11876802759450572
YBX1,0.1187343984800799
FASN,0.11867936047769724
WRAP53,0.11867854810231268
FOXP3,0.11865820296066602
CD4,0.11862496639187128
CCDC71L,0.11858893587195368
GABPA,0.11852009711376128
KDM1A,0.11850839089486329
SPATA2,0.11850803049238304
SNCA,0.11850801353983692
RPL17-C18orf32,0.11850796300178644
H19,0.1184590424123
LDHA,0.118399723243622
WNT7B,0.11835750712070256
AHR,0.11835092938077944
SMYD2,0.11829443565007154
LRP12,0.1182655534991046
NEMF,0.1182655534991046
WDR11,0.1182655534991046
TNFRSF11B,0.1182398358180654
CXCL8,0.11815512182598924
CCL5,0.11813476444303166
CD276,0.11813423289396544
PDE4A,0.1180258551473994
METTL3,0.11798645462072677
CXCL1,0.11793122450013376
SIRT1,0.11788353660548732
EPHB1,0.11786575725465116
MCL1,0.11780241952936692
CD24,0.11779286179838504
MTDH,0.11775167030465356
BTF3P11,0.11773957047679824
SLC5A2,0.11772421281666184
PTPN1,0.1177096469257779
PRKD3,0.11763094619505796
ADIPOQ,0.11754730084811388
GPR68,0.11754588212352292
HOTAIR,0.11751460514076208
SOX9,0.11744242592985564
SPP1,0.11743953502788064
HRH1,0.11740395179530992
ESRRA,0.11739711392904076
HMGB1,0.11738495337197764
SNAI1,0.11724407985234896
E2F1,0.11723836206634992
FN1,0.1172256575658547
DKK1,0.11722289491009552
LRAT,0.11721327752396062
SLC2A1,0.1172129421626291
FNTA,0.11717997946379836
EPHA8,0.11716006091648427
ANXA2,0.11715953757662204
GJA1,0.11712562486351624
ZXDB,0.11706323047087892
ABCC9,0.11705663925258446
SLC7A5,0.11700702834700424
COL7A1,0.11692263599997375
TAFAZZIN,0.11686841230851223
PKM,0.11680488932526407
RUNX2,0.11673184587012636
RASAL2,0.11672203650551398
INS,0.11671811448536124
MICAL2,0.1167146168327689
NRP1,0.11669649746550842
PRKAA1,0.11667349564874858
NCOA3,0.11665734143790124
GAS5,0.11663171635750468
IL17A,0.11659596252108106
EPHB3,0.11658691352338728
NR4A1,0.1165213472064676
SDC1,0.11649915798735634
CLU,0.11649849367976596
NAT2,0.11643649914695008
IGFBP3,0.11640765216981284
NEU1,0.11640362374232546
NEURL1,0.1163871645923064
PSEN1,0.1163310151656046
AKAP1,0.11629106265194453
NEAT1,0.11628943291751642
CRP,0.1162703774932538
OGFOD1,0.116250958857145
CA9,0.11623868985135027
UCN2,0.1161692369570582
ANXA6,0.1161595067123127
GLRA3,0.11615898772774068
CDH3,0.11614287442724236
PGK1,0.11608640755135873
FSCN1,0.116083334355419
CHI3L1,0.11607881974755414
IRF1,0.11606686609118896
EPHA6,0.11602411983016624
SLC16A1,0.11600958934146952
CEACAM7,0.11599480057003866
NSG1,0.11598380973046143
CEACAM3,0.11598054595071185
PSG2,0.11598053930602152
CDK9,0.11595858972602632
KHDRBS1,0.11595326752127696
AGER,0.11594847417127878
PIN1,0.11586598695455493
WNT5A,0.11586374552080018
PRKAA2,0.11585871225095488
ZEB2,0.1158519229454674
CLDN6,0.11582131154316928
SKP2,0.11574592676529843
PVT1,0.11570403704295752
TNFRSF11A,0.11569902216743104
NECTIN4,0.11568974541925302
ETS1,0.11556295927415104
FANCB,0.11555647815131666
KDM4E,0.11553990207080488
LAMTOR5,0.11550472950827448
FOS,0.11550339252389194
TLR7,0.11545700333987374
RBP4,0.11542858079165363
PRMT1,0.11542704375496415
XRCC1,0.115423208237077
SERPINE1,0.11542153537081598
ID4,0.11541627808055233
YY1,0.11540851244419266
ACSL4,0.11540527109492456
ADRA1D,0.11537220949232074
GSDMB,0.11533922129969168
PRKAB1,0.11533777118386793
STAT5A,0.11530422422160268
ALDH1A1,0.11530242106760362
PTK7,0.11528227368114538
TCEAL1,0.11527926474082412
H3P16,0.1152792553277507
FOXF2,0.11524924661823076
LEPR,0.11521518894617606
ANLN,0.1152131897167534
MTHFR,0.11520843122153464
WASF3,0.11514013345262183
TIMP1,0.11512460338145444
GSTA2,0.11512284147090028
BSG,0.11510755462666115
ABCC12,0.11510731084126416
NEUROD6,0.1150556863962876
MOK,0.11505083465106213
SLC7A11,0.11503523815150522
LCN2,0.1149757480465423
IFI27,0.11497374686797722
F11R,0.11496366859601402
EIF4E,0.11495014738064922
AFAP1,0.11494520534264484
ST14,0.1149376144329226
NLRP3,0.11490947169912452
CHKA,0.11490837046878837
FABP4,0.11483289599038864
LY6K,0.11482728166496232
TGFBR1,0.114806579898505
ENO1,0.11480323836488723
SNHG1,0.11478827085652454
NTS,0.1147777315013979
METTL14,0.11474273331913834
SPHK1,0.1147340441336841
FOSB,0.11472470816767023
APH1A,0.11468734395393557
ADRA1A,0.11468006543546344
RELA,0.1146789069781902
CD36,0.11467291635986922
STAT1,0.11466388251179864
FOXC1,0.1146258341617519
BST2,0.11462364686301071
S100A8,0.11461921391837546
THRB,0.1145030367737776
FAAH,0.11445383854819544
ATF3,0.11443890799719383
CPT1A,0.11443032891055702
PLK5,0.11442346292644484
HPSE,0.11439432999723922
GRN,0.11439034739191296
NQO1,0.11437923592617656
CDC20,0.1143506521583165
MEG3,0.11434789132923366
APH1B,0.11432505030137056
SRARP,0.11429892055243368
GSTP1,0.11428380611711084
CDKN1C,0.11426413517888816
PRKCQ,0.11425998458857108
AP3B2,0.11424637257940842
ELAVL1,0.11415204901454223
NAMPT,0.11413202662141413
MCTS1,0.11409964820294297
RETN,0.11409317348759476
SQSTM1,0.11407552465605866
MMP11,0.11407307525943958
UBE2C,0.1140652362578753
MAPK8,0.11406465219317902
DDR1,0.1140632313769563
MAPK7,0.1140620519317544
SRGN,0.114054115595441
NUMB,0.11404114006373368
UCHL1,0.11398918402023472
PTPRZ1,0.11398842566508488
RENBP,0.11396984385943874
IFNG,0.11394969725753765
SUGP1,0.11394853426758572
STING1,0.1139431365172364
ANGPTL4,0.1139390635051461
IL10,0.11391418112233244
PTX3,0.11390326967900916
COPS5,0.11389362769619014
HSPA1A,0.11386201863737444
ENPP2,0.11382701849732242
SPAG5,0.11376846785520324
CXCL10,0.11375771255178178
WNK1,0.1137570858185328
IL33,0.1137346257337633
RUNX3,0.1137169626321913
MTA1,0.11371384908766884
ACE2,0.11370803108037
PPP2R3C,0.1136175442865901
CCN5,0.11361450333145812
SLC3A2,0.11357973792313442
PTK2B,0.11357272307526936
GPX4,0.11355579195861572
CCN1,0.1135492093340122
CCR2,0.1135467450820703
SLC39A6,0.11352156989403316
KRT5,0.11350730619312575
NEK2,0.113493981394987
SYT1,0.11349386127388528
GORASP1,0.11349314730052244
CCL20,0.1134748685652651
TBC1D9,0.11344611683658384
LRATD2,0.11340333059490824
PDCD6,0.11337951358388798
NOTCH4,0.11337215965828848
PELP1,0.11332879690958196
CD163,0.11329341544841644
RORA,0.113271103319033
C5orf58,0.11325623820433586
SOX11,0.11324697584131974
EIF4G3,0.11322684548583238
RPS6KB1,0.11319897173605686
IL1A,0.11314406995336627
DNM1L,0.11310880825341048
AHRR,0.11308755209284138
HR,0.11308158932587278
XIST,0.1130705693230844
GDF15,0.11305545655764764
CDCA5,0.11302293774227376
H3P10,0.11302043019674644
HSPA5,0.11297366028243222
RBMS3,0.11296369551820076
CIP2A,0.1129555540808646
SFRP1,0.11291070950888944
HAVCR2,0.112879891764267
UCA1,0.1128694794821034
RBX1,0.1128221633916199
CCN2,0.1127855737642064
NCL,0.11277789400804546
SIPA1,0.11276334712203312
USP22,0.11272014990087008
DANCR,0.1127167194942165
PSENEN,0.11270813843712496
FGF2,0.112692170833748
LOX,0.11268658835904834
NR2F1,0.11265386920253968
ELK3,0.1126356074899638
CMPK1,0.11263027188936171
IGF2BP3,0.11262851211833608
CHKB,0.11261291674627276
CD40,0.1125853084464778
HK2,0.11256308948889696
CRK,0.11250931372307876
SRD5A3,0.1125045413917781
SHARPIN,0.11247620171163324
POU5F1P4,0.11246222390313378
POU5F1P3,0.11246221855999083
TINCR,0.11235226164575594
XIAP,0.11234127280339117
HSF1,0.11225087372871984
SIN3A,0.11224851510521287
KIFC1,0.1122480204758556
PSMB5,0.1122310437879659
GLS,0.11222238863161808
PTTG1,0.11221811721534453
DLGAP5,0.11218290142062726
TRIB3,0.11216606000508722
ERCC1,0.11216341679284596
PPARA,0.11214906842405307
MCAM,0.1121114320345142
HYDIN,0.11210399002455074
LGR5,0.11210200838581824
USP7,0.11205993814628631
IGF2BP1,0.11204736653477262
SOD2,0.11203519250524133
DPYD,0.11201723320591564
PGRMC1,0.1119986653730166
SMYD3,0.11199346483104251
PEBP1,0.11196708535869078
TRIM62,0.11196062920753612
CFL1,0.11195848811090442
PAK1,0.11192593827424716
MTHFD2,0.11190545051797356
LIPG,0.1119030656289453
AQP1,0.11189038912239709
LIN28A,0.11188990828627995
FXN,0.11187806068123772
RNF8,0.11185032667137056
TFPI2,0.11184717978694232
LINC-ROR,0.11184535529387904
TFF1,0.11183272348252814
CORO6,0.11179790604212228
CLDN1,0.11176661039861324
DSCAM,0.1117643990464673
VTCN1,0.11176297352306272
C5AR1,0.1117504010786571
LOXL2,0.11172165457359476
P4HA2,0.11171121630429123
ADRA1B,0.11170294455168246
CBX2,0.11168872081942756
FMR1,0.11166632608888664
MST1,0.1116490470369102
POSTN,0.11164831341531864
